date,death,United Airlines lawsuit,United Airlines settlement,United Airlines crash,travel,holidays,vacation,christmas,United Airlines CEO,United Airlines COO,United Airlines bankruptcy,United Airlines quarterly results,debt,United Airlines incident,United Airlines accident,oil,oil price,bitcoin price,bitcoin,crude oil,oil share price,crude oil price,wedding,super bowl 2018,super bowl 2018 venue,finals,world cup,olympics,stanley cup,playoffs,spring break,summer,winter,concert,world tour,festival,coachella,Super Bowl,N.C.A.A. Men's Final Four,Masters Golf Tournament,Daytona 500,Indianapolis 500, U.S. Open Tennis Championships,Kentucky Derby,Westminster Kennel Club Dog Show,Fashion Week,Metropolitan Museum of Art's Costume Institute Gala,Council of Fashion Designers of America Awards,Fashion Week Swim,North American International Auto Show,National Restaurant Association Restaurant, Hotel-Motel Show,High Point Market,Atlanta International Gift & Home Furnishings Market,Arnold Sports Festival and Expo,Design & Construction Week,SEMA Show,Offshore Technology Conference,Art Basel Miami Beach,The Armory Show,NeoCon,Diffa Dining by Design,Dwell on Design,Comic-Con International,Sundance Film Festival,Kennedy Center Honors,Upfront Week, National Association of Broadcasters Show,Television Critics Association Press Tour,Miami Winter Music Conference,Robin Hood Foundation Gala,Amfar Inspiration Galas,Museum of Modern Art's Party in the Garden,Museum of Contemporary Art Los Angeles Gala,Naples Winter Wine Festival,Tipping Point Community Annual Gala,So the World May Hear Awards Gala,Crystal Charity Ball,Great Sports Legends Dinner,Fight Night,American Cancer Society Discovery Ball,White House Correspondents' Association Dinner, Clinton Global Initiative Annual Meeting,National Rifle Association Annual Meeting & Exhibits,State of the Union,Aspen Ideas Festival,American Israel Public Affairs Committee Policy Conference,South Beach Wine & Food Festival,James Beard Foundation Awards,New York City Wine & Food Festival,Vegas Uncork'd,Tales of the Cocktail,Food & Wine Classic,South by Southwest,Electric Daisy Carnival,New Orleans Jazz & Heritage Festival,Coachella Valley Music and Arts Festival,Lollapalooza,Summerfest,Austin City Limits Music Festival,Bonnaroo Music & Arts Festival,Macy's Thanksgiving Day Parade,New Years Eve in Times Square,Mardi Gras,Tournament of Roses,Houston Livestock Show and Rodeo,National Cherry Blossom Festival,Boston Pops Fireworks Spectacular,San Francisco Pride Celebration and Parade,Thunder Over Louisville,Essence Festival,Bud Billiken Parade and Picnic,Allen & Company Sun Valley Conference,Peter G. Peterson Foundation Fiscal Summit,Sohn Investment Conference,Milken Institute Global Conference,SkyBridge Alternatives Conference,UBS Global Media & Communications Conference,Academy Awards,Grammy Awards,Primetime Emmy Awards,Golden Globes,MTV Video Music Awards,ESPN's ESPY Awards,Time 100 Gala,N.A.A.C.P. Image Awards,International C.E.S.,Apple Worldwide Developers Conference,Google I/O,Oracle OpenWorld,CMA Music Festival,College Football Playoff,Flight Conference,Fortune Brainstorm Tech,New York Fashion Week: Men's,VidCon,hurricane
2018-01-01,38,0,0,0,35,61,16,100,0,0,0,0,52,0,0,48,2,13,43,0,0,0,12,2,0,1,2,3,0,22,2,18,54,18,1,3,0,2,0,0,1,0,0,1,0,19,0,0,0,0,10,0,19,0,0,0,3,0,0,0,4,0,0,0,10,100,0,0,0,0,0,0,0,0,0,0,0,0,0,17,0,0,0,0,0,0,0,0,0,0,0,1,0,8,3,0,0,4,1,0,0,0,3,9,6,2,2,0,0,5,93,0,0,0,0,0,0,0,2,1,0,1,0,0,0,0,0,0,0,0,0,94,0,0,0,1,46
2018-01-02,34,0,0,0,41,60,16,70,0,0,0,0,73,0,0,55,2,16,54,1,0,0,12,1,0,1,2,3,0,9,3,19,52,10,1,3,0,1,0,0,1,0,0,1,0,32,0,0,0,0,56,0,8,0,0,0,6,0,0,3,5,0,0,0,13,37,0,0,0,4,0,0,0,0,0,0,0,0,0,13,0,0,0,0,0,0,0,0,0,0,0,1,0,14,1,0,0,4,0,0,0,0,0,10,0,4,0,0,0,4,80,0,0,0,0,0,0,0,2,0,0,1,0,0,0,0,0,0,27,0,0,100,1,0,0,2,48
2018-01-03,34,0,0,0,41,49,15,57,0,0,0,0,76,0,0,58,2,15,54,1,0,0,12,1,0,1,2,3,0,4,3,20,54,10,1,3,3,1,0,0,1,0,0,0,0,33,0,0,0,1,31,0,15,0,0,0,19,0,3,0,2,0,0,0,18,55,0,0,0,0,0,0,0,0,0,0,0,0,0,11,0,0,0,0,0,23,0,0,0,0,0,1,0,22,3,0,0,8,0,0,0,0,0,10,0,8,0,0,0,1,82,0,0,0,0,0,0,0,1,1,0,1,0,0,0,0,0,0,44,0,0,19,1,0,0,1,59
2018-01-04,37,0,0,0,41,46,15,50,0,0,0,0,78,0,0,53,2,13,51,1,0,0,12,1,0,1,2,2,0,4,3,19,50,11,1,3,1,1,0,0,1,0,0,1,0,30,0,0,0,1,39,0,8,0,0,0,3,0,3,5,3,0,0,0,17,36,4,0,8,4,0,0,0,0,0,0,0,0,0,8,0,0,0,0,0,0,0,0,0,0,0,1,0,21,3,0,0,6,0,0,0,0,0,10,0,21,0,0,0,0,84,0,0,0,0,0,0,0,1,1,0,2,0,0,0,0,0,0,0,9,0,11,0,0,0,1,59
2018-01-05,34,0,0,0,38,41,14,48,0,0,0,0,77,0,0,54,2,13,49,1,0,0,12,1,0,1,2,3,0,4,3,19,47,11,1,3,1,1,0,0,1,0,0,0,0,37,0,0,0,2,24,0,24,8,0,0,8,0,3,0,2,0,0,0,21,60,0,0,4,4,0,0,0,0,0,0,0,0,0,13,0,0,0,0,0,23,0,0,0,0,0,3,0,14,3,0,0,6,0,0,0,0,0,11,0,100,0,0,0,0,89,0,0,0,0,0,0,0,2,1,0,2,0,0,0,0,0,0,0,0,0,13,1,0,0,1,51
2018-01-06,36,0,0,0,35,39,14,57,0,0,0,0,59,0,0,58,2,11,46,0,0,0,14,1,0,1,3,5,0,13,3,20,47,13,1,3,1,1,0,0,1,0,0,1,0,34,0,0,0,1,9,0,61,0,0,0,24,0,0,0,4,0,0,0,14,53,0,0,0,0,0,0,0,0,0,0,0,0,0,18,0,0,0,0,0,26,0,0,0,26,0,1,0,12,3,0,0,5,1,0,0,0,0,13,0,22,0,0,0,1,64,0,0,0,0,0,0,0,2,1,0,4,0,0,0,0,0,0,49,0,0,22,0,0,0,1,46
2018-01-07,37,0,0,0,39,48,16,56,0,0,0,0,60,0,0,56,1,11,45,0,0,0,15,3,0,1,3,5,0,26,3,22,48,13,1,3,0,3,0,0,1,0,0,1,0,32,0,0,0,1,0,0,35,9,0,0,39,0,0,3,4,0,0,1,11,44,4,0,0,0,0,0,0,0,0,0,0,0,0,13,0,0,0,0,0,25,0,25,0,0,0,3,0,15,1,0,0,5,0,0,0,0,0,13,0,21,1,0,0,6,79,0,0,0,0,0,0,0,3,1,0,24,0,0,0,0,0,0,10,10,1,12,0,0,0,1,47
2018-01-08,35,0,0,0,40,46,16,36,0,0,0,0,81,0,0,55,2,13,50,1,0,0,13,2,0,1,2,3,0,11,3,19,42,10,1,3,0,2,0,0,1,0,0,1,0,42,0,0,0,2,30,0,30,0,0,0,21,5,0,8,3,0,0,1,21,15,0,0,0,7,0,0,0,0,0,0,0,0,0,9,0,0,0,0,1,22,0,0,0,0,0,0,0,16,3,0,0,5,1,0,0,0,0,12,0,20,0,0,0,0,74,0,0,0,0,0,0,0,6,2,0,100,0,0,0,0,0,0,0,0,0,27,1,0,0,1,45
2018-01-09,33,0,0,0,41,43,14,30,0,0,0,0,86,0,0,53,2,13,48,1,0,0,12,2,0,1,2,4,0,4,3,19,38,10,1,3,0,2,0,0,1,0,0,1,0,41,0,0,0,3,23,0,38,8,0,0,13,0,3,8,4,0,0,0,24,28,0,0,0,4,0,0,0,0,29,0,0,0,0,11,0,0,0,0,0,66,0,0,0,0,0,0,0,14,5,0,0,5,1,0,0,0,0,11,0,27,0,0,0,1,64,0,0,0,0,0,0,0,3,1,0,21,0,0,0,0,0,9,17,9,0,64,1,0,0,1,43
2018-01-10,34,0,0,0,41,40,14,27,0,0,0,0,87,0,0,54,3,12,50,1,0,0,11,1,0,1,2,3,0,3,3,20,35,10,1,3,0,1,0,0,1,0,0,0,0,43,0,0,0,2,30,0,46,0,0,0,21,3,0,3,2,0,1,0,20,15,0,0,0,0,0,0,0,0,0,0,0,0,0,12,0,0,0,0,1,22,0,0,0,0,0,1,0,14,5,0,0,5,2,0,0,0,0,13,0,18,0,0,0,4,52,0,0,0,0,0,0,0,2,1,0,8,0,0,0,0,0,0,26,0,0,7,2,0,0,1,49
2018-01-11,37,0,0,0,43,38,13,27,0,0,0,0,85,0,0,54,3,14,55,1,0,0,11,1,0,1,2,3,0,2,3,19,35,11,1,3,0,1,0,0,1,0,0,1,0,51,0,0,0,2,30,0,0,0,0,0,21,0,0,0,2,0,0,0,29,15,0,0,0,7,0,0,0,0,0,0,0,0,0,12,0,0,0,0,1,23,0,0,0,0,1,2,0,15,3,0,0,6,1,0,0,0,0,12,0,57,0,0,0,1,45,0,0,0,0,0,0,0,2,1,0,4,0,0,0,0,0,0,17,9,0,4,1,0,0,1,51
2018-01-12,36,0,0,0,41,40,13,26,0,0,0,0,75,0,0,55,3,12,45,1,0,0,11,1,0,1,3,3,0,3,2,19,35,11,1,4,0,1,0,0,1,0,0,1,0,48,0,0,0,3,16,0,32,0,0,0,17,0,3,0,3,0,0,0,22,12,0,0,0,4,0,0,0,0,0,0,0,0,0,15,0,0,0,0,1,0,0,0,0,0,0,1,0,11,2,0,0,5,1,0,0,0,0,11,0,21,1,0,0,3,54,0,0,0,0,0,0,0,2,1,0,3,0,0,0,0,0,0,18,9,0,4,0,0,0,1,46
2018-01-13,36,0,0,0,37,38,13,28,0,0,0,0,57,0,0,54,2,9,40,0,0,0,13,2,0,1,4,4,0,11,2,20,37,13,1,4,0,2,0,0,1,0,0,1,0,48,0,0,0,3,9,0,17,0,0,0,21,0,0,6,2,0,1,0,13,23,0,0,0,0,0,0,0,0,34,0,0,0,0,35,0,0,0,0,0,0,0,0,0,0,0,0,0,15,2,0,0,5,1,0,0,0,0,11,0,15,1,0,0,6,35,0,0,0,0,0,0,0,2,1,0,3,0,0,0,0,0,0,10,0,0,3,1,0,0,1,43
2018-01-14,39,0,0,0,37,48,14,27,0,0,0,0,58,0,0,52,1,8,38,0,0,0,14,5,0,1,7,3,0,24,2,21,36,12,1,4,0,5,0,0,1,0,0,1,0,43,0,0,1,3,9,0,17,0,0,0,12,0,0,3,1,0,0,0,19,23,4,0,0,4,0,0,0,0,0,0,0,0,0,78,0,0,0,0,1,25,0,25,0,0,0,0,0,8,2,0,0,4,1,0,0,0,0,12,0,15,0,0,0,1,53,0,0,0,0,0,0,0,3,1,0,2,0,0,0,0,0,0,29,0,0,3,0,0,0,1,48
2018-01-15,39,0,0,0,40,54,15,22,0,0,0,0,76,0,0,53,2,9,37,1,0,0,12,4,0,1,3,3,0,11,3,20,34,10,1,3,0,4,0,0,1,0,0,0,0,56,0,0,0,7,15,0,53,0,0,0,5,0,3,3,5,1,0,0,26,22,0,0,0,0,0,0,0,0,0,0,0,0,0,100,0,0,0,0,1,0,0,0,0,0,0,3,0,12,4,0,0,5,1,0,0,0,0,12,0,20,0,0,0,1,49,0,0,0,0,0,0,0,2,1,0,1,0,0,0,0,0,0,9,0,0,1,1,0,0,1,42
2018-01-16,43,0,0,0,41,39,14,19,0,0,0,0,82,0,0,52,2,20,77,1,0,0,12,2,0,1,4,3,0,3,3,20,36,10,1,3,0,2,0,0,1,0,0,1,0,60,0,0,0,6,30,0,60,0,0,0,8,0,0,3,2,0,0,0,37,20,0,0,0,4,0,0,0,0,0,0,0,0,0,16,0,0,0,0,1,44,0,0,0,0,0,2,0,11,3,0,0,5,1,0,0,0,0,11,0,18,3,0,0,1,59,0,0,0,0,0,0,0,2,1,0,1,0,0,0,0,0,0,8,0,0,1,1,0,0,1,45
2018-01-17,37,0,0,0,39,34,13,19,0,0,0,0,86,0,0,50,2,32,100,1,0,0,11,2,0,1,3,4,0,2,3,20,34,10,1,3,0,2,0,0,1,0,0,1,0,62,0,0,0,3,44,0,52,0,0,0,8,0,0,0,3,0,0,0,39,22,0,0,0,0,0,0,0,0,0,0,0,0,0,15,0,0,0,0,1,22,0,0,0,0,0,0,0,15,3,0,0,5,1,0,0,0,0,10,0,14,1,1,0,3,52,0,0,0,0,0,0,0,2,1,0,1,0,0,0,0,0,0,17,0,0,3,1,0,0,1,45
2018-01-18,38,0,0,0,39,31,13,18,0,0,0,0,85,0,0,51,2,23,72,1,0,0,11,2,0,1,3,3,0,2,2,20,32,11,1,3,0,2,0,0,1,0,0,1,0,54,0,0,0,3,0,0,38,0,0,0,16,3,3,0,4,0,0,0,72,13,0,0,4,0,0,0,0,0,29,0,0,0,0,11,0,0,0,0,1,22,0,0,0,0,0,3,0,14,4,0,0,4,1,0,0,0,0,11,0,13,0,0,0,1,54,0,0,0,0,0,0,0,2,1,0,1,0,0,0,0,0,0,26,9,0,3,1,0,0,1,49
2018-01-19,37,0,0,0,39,30,12,17,0,0,0,0,79,0,0,51,2,16,51,1,0,0,11,2,0,1,4,3,0,3,3,20,31,13,1,4,0,2,0,0,1,0,0,1,0,59,0,0,0,4,8,0,55,0,0,0,19,0,0,5,3,0,1,0,97,19,0,0,0,4,0,0,0,0,0,0,0,0,0,12,0,0,0,0,1,46,0,0,23,0,0,2,0,19,2,0,0,5,2,0,0,0,0,11,0,13,3,0,0,0,38,0,0,0,0,0,0,0,2,1,0,1,0,0,0,0,0,0,18,18,1,1,1,0,0,1,46
2018-01-20,42,0,0,0,36,31,13,19,0,0,0,0,62,0,0,54,1,12,41,0,0,0,13,2,0,1,5,3,0,6,2,20,30,14,1,4,0,2,0,0,1,0,0,1,0,54,0,0,0,5,26,0,43,0,0,0,9,0,3,6,0,0,0,0,100,40,0,0,0,0,0,0,0,0,33,0,0,0,0,22,0,0,0,0,1,0,0,0,0,0,0,0,0,12,2,0,0,5,2,0,0,0,0,13,0,7,0,0,0,3,47,0,0,0,0,0,0,0,2,1,0,1,0,0,0,0,0,0,10,0,0,2,1,0,0,1,40
2018-01-21,42,0,0,0,38,41,14,21,0,0,0,0,62,0,0,54,1,11,41,0,0,0,14,8,0,1,4,4,0,16,3,22,32,13,1,3,0,7,0,0,1,0,0,1,0,53,0,0,0,2,9,0,34,0,0,0,15,0,0,3,4,0,0,0,93,25,0,0,0,4,0,0,0,0,0,0,0,0,0,31,0,0,0,0,1,0,0,0,0,0,0,2,0,10,1,0,0,5,1,0,0,0,0,13,0,9,1,0,0,3,58,0,0,0,0,0,0,0,2,2,0,1,0,0,0,0,0,0,0,0,0,2,1,0,0,1,45
2018-01-22,38,0,0,0,40,37,13,16,0,0,0,0,87,0,0,51,2,13,45,1,0,0,13,13,0,1,3,4,0,7,3,21,29,11,1,4,0,13,0,0,2,0,0,1,0,52,0,0,0,1,22,0,52,0,0,0,18,0,3,0,3,0,0,0,68,18,0,0,0,4,0,0,0,0,0,0,0,0,0,12,0,0,0,0,1,0,0,22,22,0,1,2,0,18,5,0,0,5,1,0,0,0,0,13,0,10,3,0,0,1,46,0,0,0,0,0,0,0,3,2,0,1,0,0,0,0,0,0,8,17,0,1,1,0,0,0,43
2018-01-23,37,0,0,0,39,32,13,15,0,0,0,0,94,0,0,52,2,13,44,1,0,0,12,4,0,1,4,3,0,1,3,21,27,11,1,4,0,4,0,0,1,0,0,1,0,55,0,0,0,0,37,0,51,0,0,0,5,3,3,10,4,1,0,0,62,22,4,0,0,4,0,0,0,0,28,0,0,0,0,11,0,0,0,0,1,22,0,44,0,0,0,1,0,14,4,0,0,4,1,0,0,0,0,13,0,6,4,0,0,0,53,0,0,0,0,0,0,0,15,2,0,1,0,0,0,0,0,8,33,8,0,1,1,0,0,1,48
2018-01-24,37,0,0,0,39,32,13,15,0,0,0,0,90,0,0,51,2,12,39,1,0,0,11,4,0,1,4,3,0,1,3,22,26,11,1,3,0,4,0,0,1,0,0,1,0,56,0,0,0,1,37,0,15,0,0,0,8,0,0,8,5,0,1,0,44,22,4,0,0,4,0,0,0,0,28,0,0,0,0,9,0,0,0,0,1,22,0,0,0,0,0,2,0,21,3,0,0,5,1,0,0,0,0,14,0,10,0,0,0,1,47,0,0,0,0,0,0,0,8,2,0,0,0,0,0,0,0,0,100,17,0,1,0,0,0,1,45
2018-01-25,39,0,0,0,38,31,12,15,0,0,0,0,87,0,0,53,2,11,39,1,0,0,11,4,0,1,4,4,0,1,3,20,27,12,1,3,0,4,0,0,1,0,0,1,0,61,0,0,0,0,0,0,23,0,0,0,11,5,0,3,2,1,0,0,48,9,0,0,0,4,29,0,0,0,0,0,0,0,0,11,0,0,0,0,1,0,0,22,0,0,0,1,0,18,4,0,0,5,1,0,0,0,0,14,0,4,3,0,0,4,51,0,0,0,2,0,0,0,4,2,0,0,0,0,0,0,0,0,43,9,0,1,1,0,0,1,44
2018-01-26,39,0,0,0,35,28,12,14,0,0,0,0,77,0,0,51,2,10,39,1,0,0,11,4,0,1,6,4,0,0,2,20,27,14,1,4,0,4,0,0,1,0,0,1,0,51,0,0,0,1,55,0,31,0,0,0,3,0,0,11,2,0,1,0,38,27,0,0,0,0,0,0,0,0,91,0,0,0,0,11,0,0,0,0,2,0,0,0,0,0,0,4,0,10,4,0,0,5,1,0,0,0,0,16,0,8,3,0,0,0,83,0,0,0,0,0,0,0,4,4,0,0,0,0,0,0,0,0,27,0,0,1,1,0,0,1,45
2018-01-27,41,0,0,0,34,31,12,16,0,0,0,0,58,0,0,53,1,9,32,0,0,0,13,5,0,1,6,4,0,0,2,21,29,15,1,4,0,4,0,0,2,0,0,1,0,47,0,0,0,1,0,0,34,0,0,0,6,0,3,3,3,0,0,1,34,32,0,0,0,4,0,0,0,0,100,0,0,0,0,25,0,0,0,0,2,0,0,0,0,0,0,2,0,12,3,0,0,4,1,0,0,0,0,18,0,9,0,0,0,1,44,0,0,0,0,0,0,0,5,6,0,0,0,0,0,0,0,0,10,0,0,0,1,0,0,1,40
2018-01-28,42,0,0,0,37,39,14,17,0,0,0,0,61,0,0,53,1,8,31,0,0,0,14,8,0,2,5,4,0,1,3,22,29,14,1,4,0,6,0,0,3,0,0,1,0,45,0,0,0,0,9,0,17,0,0,0,18,0,0,3,1,0,0,0,43,34,0,0,0,0,0,0,0,0,33,0,0,0,0,44,0,0,0,0,4,0,0,0,0,0,0,1,0,15,4,0,0,6,1,0,0,0,0,18,0,4,0,0,0,3,68,0,0,0,0,0,0,0,5,26,0,1,0,0,0,0,0,0,20,0,0,1,0,0,0,1,46
2018-01-29,38,0,0,0,39,35,13,14,0,0,0,0,86,0,0,53,2,9,32,1,0,0,12,6,0,1,5,4,0,0,3,21,26,13,1,4,0,5,0,0,1,0,0,1,0,52,0,0,0,0,15,0,15,0,0,0,0,3,0,5,2,0,1,0,29,18,0,0,0,0,0,0,0,0,0,0,0,0,0,11,0,0,0,0,9,22,0,22,0,0,0,1,0,16,4,0,0,7,1,0,0,0,0,18,0,6,0,0,0,4,47,0,0,0,0,0,0,0,5,88,0,1,0,0,0,0,0,0,25,0,0,1,0,0,0,1,55
2018-01-30,38,0,0,0,38,32,13,13,0,0,0,0,92,0,0,52,2,10,37,1,0,0,11,6,0,1,9,4,0,0,3,21,25,11,1,4,0,6,0,0,1,0,0,1,0,44,0,0,0,0,30,0,90,0,0,0,16,3,0,3,3,0,0,0,15,15,0,0,0,7,0,0,0,0,0,0,0,0,0,10,0,0,0,0,33,22,0,0,0,0,0,2,0,20,4,0,0,6,1,0,0,0,0,18,0,11,3,0,0,4,87,0,0,0,0,0,0,0,3,19,0,0,0,0,0,0,0,0,51,25,0,1,1,0,0,1,46
2018-01-31,37,0,0,0,38,31,12,12,0,0,0,0,93,0,0,51,2,12,38,1,0,0,10,6,0,1,4,4,0,0,3,21,25,11,1,3,0,6,0,0,1,0,0,1,0,48,0,0,0,0,30,0,38,0,0,0,10,8,5,10,3,0,1,0,16,5,0,0,0,7,0,0,0,0,0,0,0,0,0,11,0,0,0,0,100,0,0,0,0,0,0,1,0,21,4,0,0,6,1,0,0,0,0,17,0,4,6,0,0,1,50,0,0,0,0,0,0,0,2,8,0,0,0,0,0,0,0,0,51,0,0,1,0,0,0,1,47
2018-02-01,39,0,0,0,37,29,12,13,0,0,0,0,88,0,0,51,2,14,48,1,0,0,10,7,0,1,4,5,0,0,3,22,25,11,1,3,0,7,0,0,1,0,0,1,0,53,0,0,0,0,52,0,45,0,0,0,16,3,3,3,2,0,0,1,8,18,0,0,0,0,0,0,0,0,0,0,0,0,0,12,0,0,0,0,13,22,0,22,0,0,0,2,0,24,3,0,0,5,1,0,0,0,0,20,0,9,0,0,0,4,25,0,0,0,0,0,0,0,2,5,0,0,0,0,0,0,0,0,25,8,0,1,0,0,0,1,50
2018-02-02,41,0,0,0,34,26,12,13,0,0,0,0,82,0,0,53,2,21,65,1,0,0,10,10,0,1,5,5,0,1,3,21,29,13,1,4,0,11,0,0,1,0,0,1,0,52,0,0,0,0,47,0,16,0,0,0,8,0,0,5,3,0,0,0,11,13,0,0,0,0,0,0,0,0,0,0,0,0,0,15,0,0,0,0,5,23,0,0,0,0,0,1,0,17,3,0,0,6,1,0,0,0,0,23,0,4,3,0,0,1,33,0,0,0,0,0,0,0,2,3,0,0,0,0,0,0,0,0,35,18,0,1,1,0,0,1,47
2018-02-03,40,0,0,0,33,27,13,15,0,0,0,0,63,0,0,55,1,14,42,0,0,0,13,16,0,1,26,5,0,0,3,22,30,15,1,4,0,16,0,0,2,0,0,1,0,46,0,0,0,0,35,0,0,0,0,0,33,0,0,0,2,0,0,0,7,21,0,0,0,4,0,0,0,0,0,0,0,0,0,31,0,0,0,0,2,25,0,0,0,0,0,1,0,13,3,0,0,7,1,0,0,0,0,31,0,10,0,0,0,1,29,0,0,0,0,0,0,0,3,4,0,0,0,0,0,0,0,0,29,0,0,1,1,0,0,1,43
2018-02-04,40,0,0,0,35,33,13,15,0,0,0,0,64,0,0,52,1,11,37,0,0,0,13,78,0,1,6,9,0,1,3,22,34,14,1,4,0,79,0,0,2,0,0,1,0,56,0,0,0,0,0,0,8,0,0,0,23,0,0,3,2,0,0,0,9,19,0,0,0,4,0,0,0,0,0,0,0,0,0,80,0,0,0,0,2,0,0,0,0,0,0,1,0,11,2,0,0,4,1,0,0,0,0,24,0,13,3,0,0,4,46,0,0,0,0,0,0,0,3,3,0,0,0,0,0,0,0,0,10,0,1,0,1,0,0,1,45
2018-02-05,37,0,0,0,38,32,12,12,0,0,0,0,88,0,0,52,2,22,64,1,0,0,11,100,0,1,4,13,0,1,3,22,34,12,1,3,0,100,0,0,2,0,0,1,0,64,0,0,0,0,37,0,45,0,0,0,5,0,0,3,3,0,0,0,8,5,4,0,0,0,0,0,0,0,0,0,0,0,0,16,0,0,0,0,2,44,0,22,0,0,0,0,0,13,5,0,0,6,1,0,0,0,0,21,0,11,3,0,0,5,56,0,0,0,0,0,0,0,2,2,0,0,0,0,0,0,0,0,34,0,0,1,1,0,0,1,45
2018-02-06,37,0,0,0,38,29,13,12,0,0,0,0,95,0,0,53,3,31,82,1,0,0,11,6,0,1,3,11,0,1,3,22,33,11,1,4,0,9,0,0,2,0,0,1,0,65,0,0,0,0,15,0,37,0,0,0,10,3,0,13,4,0,0,0,8,7,0,0,0,0,0,0,0,0,0,0,0,0,0,11,0,0,0,0,1,0,0,22,0,0,1,1,0,14,4,0,0,7,1,0,0,0,0,24,0,15,1,0,0,0,52,0,0,0,2,0,0,0,2,2,0,0,0,0,0,0,0,0,50,0,0,1,2,0,0,1,46
2018-02-07,35,0,0,0,37,27,13,12,0,0,0,0,91,0,0,53,2,18,52,1,0,0,11,2,0,1,3,12,0,1,3,21,33,11,1,4,0,3,0,0,2,0,0,1,0,65,0,0,0,0,30,0,37,0,0,0,8,0,0,0,3,0,0,0,2,5,0,0,0,4,0,0,0,0,0,0,0,0,0,12,0,0,0,0,1,22,0,0,0,0,0,1,0,17,3,0,0,7,1,0,0,0,0,26,0,13,3,0,0,4,55,0,0,0,0,0,0,0,2,1,0,0,0,0,0,0,0,0,8,8,0,1,1,0,0,1,42
2018-02-08,36,0,0,0,37,28,12,12,0,0,0,0,96,0,0,54,2,15,44,1,0,0,10,1,0,1,3,29,0,0,3,22,46,12,1,4,0,2,0,0,3,0,0,1,0,66,0,0,0,0,45,0,38,0,0,0,13,0,3,0,4,0,1,0,6,13,0,0,0,4,0,0,0,0,29,0,0,0,0,9,0,0,0,0,1,44,0,0,22,0,1,1,0,20,3,0,0,7,1,0,0,0,0,29,0,9,1,0,0,1,43,0,0,0,0,0,0,0,2,1,0,0,0,0,0,0,0,0,51,0,0,1,1,0,0,1,44
2018-02-09,36,0,0,0,36,27,12,12,0,0,0,0,93,0,0,52,2,13,38,1,0,0,10,1,0,1,3,72,0,1,3,23,84,13,1,4,0,2,0,0,3,0,0,1,0,66,0,0,0,0,62,0,8,0,0,0,3,5,0,3,2,0,1,0,6,15,0,0,0,4,0,0,0,0,0,0,0,0,0,13,0,0,0,0,1,46,0,0,0,0,0,1,0,18,3,0,0,7,1,0,0,0,0,36,0,9,1,0,0,3,18,0,0,0,0,0,0,0,2,1,0,0,0,0,0,0,0,0,53,9,0,0,1,0,0,1,45
2018-02-10,39,0,0,0,34,28,12,14,0,0,0,0,63,0,0,52,1,9,32,1,0,0,12,1,0,1,4,100,0,1,3,27,100,15,1,5,0,1,0,0,7,0,0,1,0,65,0,0,0,0,0,0,17,0,0,0,9,0,0,3,1,0,0,0,4,36,0,0,0,4,0,0,0,0,0,0,0,0,0,19,0,0,0,0,0,0,0,0,0,0,0,0,0,16,2,0,0,6,1,0,0,0,0,47,0,7,1,0,0,4,42,0,0,0,0,0,0,0,3,1,0,0,0,0,0,0,0,0,0,10,1,0,1,0,0,1,47
2018-02-11,42,0,0,0,36,34,14,14,0,0,0,0,63,0,0,51,1,8,28,0,0,0,13,1,0,1,3,86,0,1,3,26,85,14,1,5,0,1,0,0,12,0,0,1,0,57,0,0,0,0,0,0,34,0,0,0,12,6,0,3,1,0,0,0,11,21,0,0,0,4,0,0,0,0,0,0,0,0,0,24,0,0,0,0,0,0,0,0,0,0,0,1,0,17,2,0,0,6,1,0,0,0,0,40,0,9,1,0,0,3,36,0,0,0,0,0,0,0,3,1,0,0,0,0,0,0,0,0,19,0,0,1,1,0,0,1,46
2018-02-12,38,0,0,0,39,39,13,12,0,0,0,0,100,0,0,53,2,10,31,1,0,0,12,0,0,1,3,76,0,1,4,25,75,12,1,4,0,1,0,0,5,0,0,1,0,93,0,0,0,0,45,0,45,0,0,0,13,3,3,3,2,0,0,0,8,24,0,0,0,4,0,0,0,0,0,0,0,0,0,10,0,0,0,0,1,22,0,22,0,0,0,2,0,18,4,0,0,6,1,0,0,0,0,43,0,18,3,0,0,5,35,0,0,0,0,0,0,0,3,1,0,0,0,0,0,0,0,0,34,0,0,0,1,0,0,1,48
2018-02-13,37,0,0,0,37,36,13,12,0,0,0,0,99,0,0,52,2,9,29,1,0,0,11,0,0,1,3,66,0,1,3,24,68,11,1,4,0,1,0,0,3,0,0,1,0,78,0,0,0,0,23,0,53,0,0,0,5,3,0,3,3,0,0,0,9,9,0,0,0,0,0,0,0,0,0,0,0,0,0,11,0,0,0,0,0,22,0,0,0,0,0,1,0,18,3,0,0,7,1,0,0,0,0,100,0,15,6,0,0,4,34,0,0,0,0,0,0,0,2,1,0,0,0,0,0,0,0,0,9,17,0,1,1,0,0,1,51
2018-02-14,36,0,0,0,35,29,11,11,0,0,0,0,89,0,0,49,2,8,29,1,0,0,10,0,0,1,3,66,0,1,3,22,64,11,1,3,0,1,0,0,3,0,0,1,0,62,0,0,0,0,15,0,61,0,0,0,16,3,0,0,3,0,1,0,3,11,0,0,0,15,0,0,0,0,0,0,0,0,0,10,0,0,0,0,0,23,0,0,0,0,0,0,0,19,2,0,0,7,1,0,0,0,0,37,0,10,4,0,0,6,27,0,0,0,0,0,0,0,2,1,0,0,0,0,0,0,0,0,9,0,0,0,1,0,0,1,44
2018-02-15,39,0,0,0,35,29,11,11,0,0,0,0,91,0,0,51,2,9,31,1,0,0,10,0,0,1,3,51,0,1,3,22,57,11,1,3,0,0,0,0,4,0,0,1,0,63,0,0,0,0,38,0,30,0,0,0,13,3,3,11,2,0,1,0,4,7,0,0,0,8,0,0,0,0,0,0,0,0,0,10,0,0,0,0,0,0,0,0,0,0,0,1,0,19,8,0,0,8,1,0,0,0,0,13,0,21,0,0,0,3,39,0,0,0,0,0,0,0,2,1,0,0,0,0,0,0,0,0,9,0,1,1,1,0,0,1,43
2018-02-16,37,0,0,0,34,31,12,11,0,0,0,0,79,0,0,50,2,8,28,1,0,0,11,0,0,1,3,50,0,1,3,23,56,13,1,4,0,0,0,0,9,0,0,1,0,71,0,0,0,0,31,0,23,0,0,0,14,0,0,3,1,0,0,0,3,19,0,0,0,4,0,0,0,0,0,0,0,0,0,15,0,0,0,0,0,0,0,0,0,0,0,1,0,18,4,0,0,8,1,0,0,0,0,11,0,8,0,0,0,4,23,0,0,0,0,0,0,0,2,1,0,0,0,0,0,0,0,9,18,18,0,1,1,0,0,1,44
2018-02-17,39,0,0,0,33,28,12,13,0,0,0,0,62,0,0,53,1,7,26,0,0,0,12,0,0,1,3,63,0,1,3,24,64,14,1,5,0,0,0,0,16,0,0,1,0,71,0,0,0,0,0,0,0,0,0,0,12,0,0,0,1,0,0,0,5,19,4,0,0,0,0,0,0,0,0,0,0,0,0,30,0,0,0,0,0,0,0,0,0,0,0,1,0,18,2,0,0,11,1,0,0,0,0,10,0,16,0,0,0,4,37,0,0,0,0,0,0,0,3,1,0,0,0,0,0,0,0,0,20,0,0,0,1,0,0,1,42
2018-02-18,42,0,0,0,36,39,14,14,0,0,0,0,62,0,0,54,1,8,27,0,0,0,14,0,0,1,4,49,0,1,4,25,62,13,1,4,0,0,0,0,100,0,0,1,0,72,0,0,0,0,17,0,60,0,0,0,21,0,0,3,2,0,0,0,7,27,0,0,0,0,0,0,0,0,0,0,0,0,0,86,0,0,0,0,0,0,0,0,0,0,0,3,0,19,4,0,0,13,1,0,0,0,0,9,0,13,0,0,0,6,33,0,0,0,0,0,0,0,5,1,0,0,0,0,0,0,0,0,0,0,1,0,1,0,0,1,42
2018-02-19,46,0,0,0,39,46,14,12,0,0,0,0,79,0,0,53,2,7,25,1,0,0,12,0,0,1,3,45,0,1,5,24,51,11,1,4,0,0,0,0,37,0,0,1,0,76,0,0,0,0,7,0,30,0,0,0,10,5,0,3,4,0,0,0,5,18,4,0,0,5,0,0,0,0,0,0,0,0,0,76,0,0,0,0,0,0,0,0,0,0,0,1,0,20,5,0,0,12,1,0,0,0,0,7,0,13,1,0,0,4,17,0,0,0,0,0,0,0,4,1,0,0,0,0,0,0,0,0,25,0,0,0,1,0,0,1,46
2018-02-20,38,0,0,0,37,31,13,11,0,0,0,0,89,0,0,51,2,8,28,1,0,0,11,0,0,1,3,48,0,1,5,24,51,11,1,4,0,0,0,0,5,0,0,1,0,90,0,0,0,0,44,0,52,0,0,0,0,5,3,0,3,0,0,0,3,7,0,0,0,7,0,0,0,0,0,0,0,0,0,13,0,0,0,0,0,87,0,0,0,0,0,2,0,19,5,0,0,11,1,0,0,0,0,6,0,19,0,0,0,5,12,0,0,0,0,0,0,0,3,1,0,0,0,0,0,0,0,0,25,0,0,1,1,0,0,1,43
2018-02-21,37,0,0,0,38,29,13,11,0,0,0,0,90,0,0,52,2,8,28,1,0,0,11,0,0,1,3,47,0,1,4,25,53,11,1,5,0,0,0,0,2,0,0,1,0,100,0,0,0,0,7,0,59,0,0,0,10,0,0,5,1,0,0,0,4,29,0,0,0,4,0,0,0,0,0,0,0,0,0,11,0,0,0,0,0,0,0,0,0,0,1,1,0,22,5,0,0,17,2,0,0,0,0,6,0,23,1,0,0,4,27,0,0,0,0,0,0,0,2,1,0,0,0,0,0,0,0,0,17,0,0,0,1,0,0,1,44
2018-02-22,37,0,0,0,36,27,13,12,0,0,0,0,94,0,0,51,2,7,26,1,0,0,11,0,0,1,3,47,0,1,4,24,54,11,1,5,0,0,0,0,1,0,0,1,0,94,0,0,0,0,15,0,74,0,0,0,10,0,0,18,3,0,0,0,4,15,0,0,0,4,0,0,0,0,0,0,0,0,0,17,0,0,0,0,0,44,0,22,0,0,0,2,0,22,5,0,0,13,2,0,0,0,0,6,0,24,3,0,0,1,24,0,0,0,0,0,0,0,2,1,0,0,0,0,0,0,0,0,34,25,0,1,1,0,0,1,45
2018-02-23,38,0,0,0,35,26,13,12,0,0,0,0,80,0,0,52,2,7,23,1,0,0,10,0,0,1,3,45,0,1,4,25,59,13,1,5,0,0,0,0,1,0,0,1,0,73,0,0,0,0,47,0,54,0,0,0,8,0,0,11,6,0,0,0,4,15,0,0,0,4,0,0,0,0,0,0,0,0,0,14,0,0,0,0,0,23,0,0,23,0,0,0,0,23,5,0,0,14,1,0,0,0,0,7,0,44,0,0,0,3,30,0,0,0,0,0,0,0,3,1,0,0,0,0,0,0,0,0,35,0,0,0,1,0,0,1,48
2018-02-24,49,0,0,0,33,25,12,12,0,0,0,0,60,0,0,53,1,6,21,0,0,0,12,0,0,1,4,45,0,1,4,25,56,14,1,5,0,0,0,0,1,0,0,1,0,70,0,0,0,0,17,0,8,0,0,0,9,3,0,6,4,0,0,0,2,23,0,4,0,4,0,0,0,0,0,0,0,0,0,39,0,0,0,0,0,0,0,0,0,0,0,1,0,20,12,0,0,13,1,0,0,0,0,7,0,29,1,0,0,6,41,0,0,0,0,0,0,0,4,1,0,0,0,0,0,0,0,0,0,0,0,1,1,0,0,1,42
2018-02-25,85,0,0,0,35,32,13,14,0,0,0,0,64,0,0,51,1,5,19,0,0,0,13,0,0,1,4,42,0,1,5,27,55,14,1,5,0,0,0,0,2,0,0,1,0,64,0,0,0,0,8,0,17,0,0,0,12,3,0,9,2,0,0,0,5,18,0,0,0,0,0,0,0,0,0,0,0,0,0,54,0,0,0,0,0,25,0,0,0,0,0,1,0,15,14,0,0,13,1,0,0,0,0,7,0,45,3,0,0,10,51,0,0,0,0,0,0,0,6,1,0,0,0,0,0,0,0,0,9,0,0,0,1,0,0,1,44
2018-02-26,61,0,0,0,39,30,13,11,0,0,0,0,90,0,0,52,2,6,21,1,0,0,11,0,0,1,3,27,0,1,6,30,42,11,1,4,0,0,0,0,1,0,0,1,0,63,0,0,0,0,29,0,51,0,0,0,15,0,0,10,2,0,1,0,6,9,0,0,0,4,0,0,0,0,0,0,0,0,0,12,0,0,0,0,0,22,0,0,0,0,0,2,0,30,8,0,0,13,2,0,0,0,0,5,0,42,0,0,0,6,41,0,0,0,0,0,0,0,5,1,0,0,0,0,0,0,0,0,33,0,0,0,2,0,0,1,45
2018-02-27,55,0,0,0,41,29,13,11,0,0,0,0,92,0,0,52,2,6,22,1,0,0,10,0,0,1,3,8,0,1,5,26,26,11,1,4,0,0,0,0,0,0,0,1,0,61,0,0,0,0,37,0,51,0,0,0,8,0,3,3,1,0,0,0,4,20,0,0,0,11,0,0,0,0,0,0,0,0,0,12,0,0,0,0,0,22,0,0,0,0,0,1,0,25,5,0,0,15,2,0,0,0,0,6,0,52,4,0,0,2,44,0,0,0,0,0,0,0,4,1,0,0,0,0,0,0,0,0,25,33,1,1,0,0,0,1,49
2018-02-28,54,0,0,0,43,28,13,11,0,0,0,0,87,0,0,50,2,6,21,1,0,0,10,0,0,1,3,5,0,1,5,25,25,11,1,4,0,0,0,0,0,0,0,1,0,62,0,0,0,0,29,0,95,0,0,0,13,5,3,8,3,0,1,0,3,16,0,0,0,0,0,0,0,0,0,0,0,0,0,13,0,0,0,0,0,0,0,0,0,0,0,0,0,32,2,0,0,15,2,0,0,0,0,6,0,47,0,0,0,4,59,0,0,0,0,0,0,0,4,1,0,0,0,0,0,0,0,0,25,17,0,1,1,0,0,1,48
2018-03-01,45,0,0,0,44,29,12,11,0,0,0,0,87,0,0,50,2,6,19,1,0,0,10,0,0,1,3,4,0,1,5,25,25,12,1,4,0,0,0,0,0,0,0,1,0,60,0,0,0,0,22,0,51,0,0,0,18,0,3,13,4,0,1,0,4,21,4,0,0,4,0,0,0,0,0,0,0,0,0,14,0,0,0,0,0,22,0,0,0,0,0,1,0,26,1,0,0,15,2,0,0,0,0,7,0,35,2,0,0,5,48,0,0,0,0,0,0,0,4,0,0,0,0,0,0,0,0,0,91,8,0,1,1,0,0,1,53
2018-03-02,45,0,0,0,43,26,11,11,0,0,0,0,79,0,0,50,2,5,19,1,0,0,10,0,0,1,3,4,0,1,5,24,25,13,1,5,0,0,0,0,0,0,0,1,0,58,0,0,0,0,38,0,31,0,0,0,8,0,0,8,3,0,1,0,3,6,4,0,0,8,0,0,0,0,0,0,0,0,0,17,0,0,0,0,0,46,0,0,0,0,0,0,0,31,5,0,0,13,1,0,0,0,0,12,0,46,1,0,0,8,41,0,0,0,0,0,0,0,6,0,0,0,0,0,0,0,0,0,17,9,0,0,1,0,0,1,59
2018-03-03,50,0,0,0,37,26,12,12,0,0,0,0,60,0,0,53,1,5,18,0,0,0,12,0,0,1,3,3,0,1,5,24,24,15,1,5,0,0,0,0,0,0,0,1,0,48,0,0,0,0,17,0,25,0,0,0,6,0,0,15,2,0,1,0,4,19,0,0,0,0,0,0,0,0,0,0,0,0,0,20,0,0,0,0,0,0,0,0,0,0,0,1,0,25,2,0,0,13,2,0,0,0,0,28,0,49,3,0,0,12,29,0,0,0,0,0,0,0,10,1,0,0,0,0,0,0,0,0,19,10,0,0,1,0,0,1,56
2018-03-04,49,0,0,0,37,33,14,14,0,0,0,0,59,0,0,54,1,4,17,0,0,0,13,0,0,1,4,3,0,1,6,26,23,14,1,4,0,0,0,0,1,0,0,1,0,47,0,0,0,0,17,0,25,0,0,0,12,0,3,15,1,0,1,0,4,20,0,0,0,0,0,0,0,0,0,0,0,0,0,27,0,0,0,0,0,0,0,0,0,0,0,1,0,23,2,0,0,13,1,0,0,0,0,11,0,47,1,0,0,10,50,0,0,0,0,0,0,0,30,1,0,1,0,0,0,0,0,0,9,0,0,1,0,0,0,1,49
2018-03-05,42,0,0,0,40,30,14,10,0,0,0,0,82,0,0,52,2,5,19,1,0,0,11,0,0,1,3,3,0,1,7,26,19,11,1,4,0,0,0,0,0,0,0,1,0,47,0,0,0,0,43,0,43,0,0,0,18,8,0,15,4,0,0,1,4,16,0,0,0,4,0,0,0,0,0,0,0,0,0,17,0,0,0,0,0,21,0,0,0,0,0,1,0,40,2,0,0,13,1,0,0,0,0,5,0,37,4,0,0,7,44,0,0,0,0,0,0,0,100,1,0,1,0,0,0,0,0,8,25,0,0,0,1,0,0,1,49
2018-03-06,39,0,0,0,39,28,13,11,0,0,0,0,91,0,0,52,2,5,19,1,0,0,11,0,0,1,4,3,0,1,6,26,20,11,1,4,0,0,0,0,0,0,0,1,0,49,0,0,0,0,66,0,51,0,0,0,18,3,3,13,4,1,2,0,6,14,0,0,0,7,0,0,0,0,0,0,0,0,0,14,0,0,0,0,0,0,0,0,0,0,0,1,0,47,2,0,0,13,1,0,0,0,0,4,0,37,2,0,0,9,37,0,0,0,0,0,0,0,12,1,0,0,0,0,0,0,0,0,8,0,0,0,1,0,0,1,53
2018-03-07,38,0,0,0,38,29,13,11,0,0,0,0,90,0,0,51,2,6,22,1,0,0,10,0,0,1,4,2,0,1,6,25,20,12,1,4,0,0,0,0,0,0,0,1,0,53,0,0,0,0,60,0,89,0,0,0,10,0,0,26,6,0,1,0,4,36,0,0,0,4,0,0,0,0,0,0,0,0,0,10,0,0,0,0,0,0,0,0,0,0,0,1,0,41,3,0,0,13,1,0,0,0,0,4,0,23,4,0,0,14,32,0,0,0,0,0,0,0,6,1,0,0,0,0,0,0,0,0,42,0,0,0,1,0,0,1,52
2018-03-08,38,0,0,0,38,27,13,11,0,0,0,0,88,0,0,49,2,6,22,1,0,0,10,0,0,1,3,2,0,1,6,25,18,12,1,4,0,0,0,0,0,0,0,1,0,39,0,0,0,0,37,0,67,0,0,0,13,0,0,57,2,0,0,0,4,16,4,0,0,0,0,0,0,0,0,0,0,0,0,13,0,0,0,0,0,0,0,0,0,0,0,1,0,54,1,0,0,12,1,0,0,0,0,3,0,25,1,0,0,8,43,0,0,0,2,0,0,0,3,0,0,0,0,0,0,0,0,0,42,0,0,1,1,0,0,1,63
2018-03-09,41,0,0,0,38,25,13,11,0,0,0,0,86,0,0,52,2,7,24,1,0,0,10,0,0,1,3,3,0,1,7,26,19,14,1,4,0,0,0,0,0,0,0,1,0,34,0,0,0,0,47,0,54,0,0,0,11,5,8,73,1,0,0,0,3,13,0,0,0,8,0,0,0,0,0,0,0,0,0,13,0,0,0,0,0,23,0,0,0,0,0,2,0,79,2,0,0,15,1,0,0,0,0,4,0,49,4,0,0,3,45,0,0,0,0,0,0,0,3,0,0,0,0,0,0,0,0,0,35,0,0,0,1,0,0,1,84
2018-03-10,43,0,0,0,35,24,12,11,0,0,0,0,63,0,0,55,1,5,17,0,0,0,12,0,0,1,4,2,0,1,6,26,18,16,1,5,0,0,0,0,0,0,0,1,0,35,0,0,0,0,8,0,17,0,0,0,12,0,0,100,2,0,0,0,7,21,0,0,0,6,0,0,0,0,0,0,0,0,0,17,0,0,0,0,0,25,0,0,0,0,0,1,0,85,2,0,0,15,1,0,0,0,0,4,0,39,3,0,0,9,27,0,0,0,0,0,0,0,3,1,0,0,0,0,0,0,0,0,19,10,0,0,1,0,0,1,100
2018-03-11,44,0,0,0,36,31,14,12,0,0,0,0,64,0,0,53,1,5,18,0,0,0,13,0,0,1,4,2,0,1,7,28,18,15,1,4,0,0,0,0,0,0,0,2,0,37,0,0,0,0,8,0,25,0,0,0,15,0,0,97,2,0,0,1,8,4,0,0,0,4,0,0,0,0,0,0,0,0,0,21,0,0,0,0,0,0,0,0,0,0,0,0,0,85,3,0,0,19,1,0,0,0,0,3,0,29,0,0,0,7,32,0,0,0,0,0,0,0,3,0,0,0,0,0,0,0,0,0,19,0,0,1,1,0,0,1,91
2018-03-12,38,0,0,0,40,33,13,10,0,0,0,0,86,0,0,51,2,6,19,1,0,0,11,0,0,1,4,2,0,1,9,27,17,13,1,4,0,0,0,0,0,0,0,1,0,36,0,0,0,0,7,0,52,0,0,0,8,0,5,15,4,1,1,0,7,9,0,0,0,4,0,0,0,0,0,0,0,0,0,10,0,0,0,0,0,64,0,0,0,0,0,1,0,100,2,0,0,22,1,0,0,0,0,3,0,33,2,0,0,10,45,0,0,0,0,0,0,0,2,1,0,0,0,0,0,0,0,0,25,8,0,0,1,0,0,1,66
2018-03-13,37,0,0,0,38,29,13,10,0,0,0,0,91,0,0,51,2,5,19,1,0,0,11,0,0,1,4,2,0,1,7,27,16,13,1,4,0,0,0,0,0,0,0,1,0,47,0,0,0,0,44,0,80,0,0,0,13,0,0,18,6,0,1,0,5,16,4,0,0,9,0,0,0,0,0,0,0,0,0,9,0,0,0,0,0,22,0,0,0,0,0,1,0,93,2,0,0,23,1,0,0,0,0,3,0,26,1,0,0,4,42,0,0,0,0,0,0,0,2,1,0,0,0,0,0,0,0,8,50,8,0,1,2,0,0,1,73
2018-03-14,100,0,0,0,37,27,12,10,0,0,0,0,83,0,0,49,2,6,22,1,0,0,10,0,0,1,4,2,0,1,6,25,15,13,1,4,0,0,0,0,0,0,0,1,0,40,0,0,0,0,15,0,22,0,0,0,8,3,0,5,9,0,1,0,7,11,0,0,0,5,0,0,0,0,0,0,0,0,0,11,0,0,0,0,0,22,0,0,0,0,0,2,0,74,3,0,0,24,1,0,0,0,0,3,0,31,1,0,0,9,40,0,0,0,0,0,0,0,2,0,0,0,0,0,0,0,0,0,8,0,0,0,1,0,0,1,60
2018-03-15,58,0,0,0,37,28,11,9,0,0,0,0,85,0,0,52,2,8,25,1,0,0,10,0,0,1,4,2,0,1,5,26,14,13,1,4,0,0,0,0,0,0,0,1,0,42,0,0,0,0,22,0,52,0,0,0,21,0,3,8,6,0,0,0,3,16,4,0,0,5,0,0,0,0,0,0,0,0,0,9,0,0,0,0,0,0,0,0,22,0,0,2,0,64,2,0,0,33,1,0,0,0,0,3,0,29,0,0,0,8,36,0,0,0,0,0,0,0,2,0,0,0,0,0,0,0,0,8,17,25,0,1,1,0,0,1,64
2018-03-16,43,0,0,0,35,26,12,10,0,0,0,0,81,0,0,50,2,6,20,1,0,0,10,0,0,2,4,2,0,1,6,25,15,14,1,4,0,0,0,0,0,0,0,1,0,39,0,0,0,0,31,0,38,0,0,0,13,5,5,8,7,0,1,0,5,21,4,0,0,4,0,0,0,0,0,0,0,0,0,19,0,0,0,0,0,23,0,0,23,0,0,2,0,64,1,0,0,69,1,0,0,0,0,3,0,26,4,0,0,12,45,0,0,0,0,0,0,0,1,0,0,0,0,0,0,0,0,0,17,9,0,0,1,0,0,0,67
2018-03-17,43,0,0,0,34,28,11,11,0,0,0,0,61,0,0,52,1,5,19,0,0,0,11,0,0,2,5,2,0,1,5,26,16,15,1,4,0,0,0,0,0,0,0,2,0,31,0,0,0,0,8,0,59,0,0,0,12,0,3,0,2,0,0,0,6,21,0,0,0,4,0,0,0,0,0,0,0,0,0,62,0,0,0,0,0,25,0,0,0,0,0,2,0,57,3,0,0,91,1,0,0,0,0,3,0,37,0,0,0,16,31,0,0,0,0,0,0,0,2,0,0,0,0,0,0,0,0,0,19,0,0,0,1,0,0,1,73
2018-03-18,43,0,0,0,39,36,14,12,0,0,0,0,60,0,0,51,1,6,22,0,0,0,12,0,0,2,5,2,0,2,5,27,17,14,1,4,0,0,0,0,0,0,0,1,0,35,0,0,0,0,8,0,17,0,0,0,6,3,0,0,2,0,0,0,4,26,0,0,0,0,0,0,0,0,0,0,0,0,0,46,0,0,0,0,0,0,0,0,25,0,0,1,0,38,4,0,0,100,1,0,0,0,0,3,0,27,3,0,0,7,42,0,0,0,0,0,0,0,2,0,0,0,0,0,0,0,0,0,0,9,0,1,0,0,0,1,68
2018-03-19,38,0,0,0,42,36,13,10,0,0,0,0,88,0,0,52,2,7,21,1,0,0,10,0,0,1,4,2,0,1,7,29,16,12,1,3,0,0,0,0,0,0,0,1,0,35,0,0,0,0,59,0,52,0,0,0,21,8,0,8,4,0,0,0,4,14,0,4,0,7,29,0,0,0,0,0,0,0,0,16,0,0,0,0,0,22,0,0,0,0,0,1,0,36,5,0,0,44,1,0,0,0,0,3,0,11,4,0,0,10,59,0,0,0,0,0,0,0,1,0,0,0,0,0,0,0,0,0,50,0,0,2,1,0,0,1,59
2018-03-20,38,0,0,0,39,33,12,9,0,0,0,0,90,0,0,53,2,6,20,1,0,0,10,0,0,1,5,2,0,1,5,30,18,12,1,4,0,0,0,0,0,0,0,1,0,39,0,0,0,0,37,0,37,0,0,0,15,13,0,3,6,0,1,0,6,11,4,0,0,7,0,0,0,0,29,0,0,0,0,12,0,0,0,0,0,0,0,0,22,0,0,1,0,28,6,0,0,51,1,0,0,0,0,3,0,6,3,0,0,11,38,0,0,0,0,0,0,0,1,0,0,0,0,0,0,0,0,0,8,8,0,0,1,0,0,0,61
2018-03-21,38,0,0,0,39,32,13,10,0,0,0,0,86,0,0,52,2,6,19,1,0,0,10,0,0,1,5,2,0,1,5,30,17,12,1,3,0,0,0,0,0,0,0,1,0,39,0,0,0,0,15,0,52,0,0,0,13,0,0,5,3,0,1,0,5,16,0,0,0,4,0,0,0,0,0,0,0,0,0,10,0,0,0,0,0,22,0,0,0,0,0,1,0,25,5,0,0,77,1,0,0,0,0,3,0,9,1,0,0,11,42,0,0,0,0,0,0,0,1,0,0,0,0,0,0,0,0,0,42,25,0,0,1,0,0,1,54
2018-03-22,37,0,0,0,37,31,13,10,0,0,0,0,94,0,0,53,2,5,18,1,0,0,10,0,0,1,6,2,0,1,5,28,15,12,1,4,0,0,0,0,0,0,0,2,0,43,0,0,0,0,22,0,60,0,0,0,37,5,0,0,11,0,1,0,5,11,0,4,0,4,0,0,0,0,0,0,0,0,0,13,0,0,0,0,0,0,0,0,0,0,0,2,0,13,3,0,0,55,1,0,0,0,0,3,0,4,4,0,0,6,32,0,0,0,0,0,0,0,1,0,0,0,0,0,0,0,0,0,42,0,1,1,2,0,0,1,53
2018-03-23,37,0,0,0,36,30,13,10,0,0,0,0,88,0,0,52,2,5,17,1,0,0,10,0,0,1,7,2,0,1,5,27,14,14,2,4,0,0,0,0,0,0,0,1,0,37,0,0,0,0,23,0,46,0,0,0,16,3,0,0,29,1,0,0,4,8,0,4,0,4,0,0,0,0,0,0,0,0,0,13,0,0,0,0,0,23,0,0,0,0,0,2,0,11,5,0,0,69,1,0,0,0,0,2,0,1,5,0,0,17,50,0,0,0,0,0,0,0,1,0,0,0,0,0,0,0,0,0,35,35,0,0,1,0,0,1,50
2018-03-24,40,0,0,0,34,29,12,12,0,0,0,0,64,0,0,57,1,4,15,0,0,0,12,0,0,1,7,1,0,2,4,29,16,15,2,5,0,0,0,0,0,0,0,2,0,37,0,0,0,0,26,0,35,0,0,0,9,0,0,0,8,0,1,0,6,13,0,0,0,6,0,0,0,0,0,0,0,0,0,18,0,0,0,0,0,26,0,0,0,0,0,0,0,13,1,0,0,91,1,0,0,0,0,2,0,3,7,0,0,4,20,0,0,0,0,0,0,0,2,0,0,0,0,0,0,0,0,0,20,0,0,1,0,0,0,1,50
2018-03-25,40,0,0,0,37,39,14,13,0,0,0,0,61,0,0,53,1,4,15,0,0,0,13,0,0,1,5,1,0,2,5,30,15,14,2,4,0,0,0,0,1,0,0,2,0,34,0,0,0,0,52,0,43,0,0,0,27,0,0,0,6,0,1,0,1,17,0,0,0,8,0,0,0,0,0,0,0,0,0,18,0,0,0,0,0,0,0,0,0,0,0,0,0,8,4,0,0,92,1,0,0,0,0,3,0,4,4,0,0,13,18,0,0,0,0,0,0,0,2,0,0,0,0,0,0,0,0,0,10,0,1,1,1,0,0,1,51
2018-03-26,36,0,0,0,39,42,13,10,0,0,0,0,88,0,0,53,2,5,20,1,0,0,11,0,0,1,5,1,0,2,7,30,14,11,1,4,0,0,0,0,0,0,0,2,0,34,0,0,0,0,30,0,60,0,0,0,18,0,0,5,2,0,1,0,5,13,4,0,0,5,0,0,0,0,0,0,0,0,0,10,0,0,0,0,0,22,0,0,0,0,1,2,0,8,5,0,0,44,1,0,0,0,0,2,0,4,6,0,0,14,46,0,0,0,2,0,0,0,1,0,0,0,0,0,0,0,0,0,42,8,0,0,1,0,0,1,49
2018-03-27,38,0,0,0,39,38,13,10,0,0,0,0,89,0,0,52,2,6,19,1,0,0,11,0,0,1,8,1,0,1,5,30,13,11,1,3,0,0,0,0,0,0,0,2,0,34,0,0,0,0,67,0,97,7,0,0,18,3,0,3,6,0,1,0,3,20,4,0,0,0,0,0,0,0,0,0,0,0,0,10,0,0,0,0,0,44,0,0,0,0,0,2,0,8,2,0,0,15,1,0,0,0,0,3,0,0,4,0,0,17,36,0,0,0,0,0,0,0,1,0,0,0,0,0,0,0,0,0,59,17,0,0,1,0,0,1,52
2018-03-28,37,0,0,0,37,41,13,10,0,0,0,0,90,0,0,52,2,5,17,1,0,0,10,0,0,1,7,1,0,2,4,28,12,11,1,4,0,0,0,0,0,0,0,2,0,36,0,0,0,0,84,0,76,0,0,0,16,5,0,0,8,0,1,0,4,9,4,0,0,0,0,0,0,0,0,0,0,0,0,9,0,0,0,0,0,23,0,0,0,0,0,3,0,11,5,0,0,15,1,0,0,0,0,2,0,0,6,0,0,8,23,0,0,0,2,0,0,0,1,0,0,0,0,0,0,0,0,0,60,26,0,0,1,0,0,1,47
2018-03-29,37,0,0,0,37,47,13,10,0,0,0,0,84,0,0,53,2,6,21,1,0,0,10,0,0,1,4,1,0,2,4,28,13,12,1,4,0,0,0,0,0,0,0,2,0,38,0,0,0,0,16,0,71,0,0,0,8,0,0,0,3,0,0,0,3,19,8,0,0,4,0,0,0,0,0,0,0,0,0,13,0,0,0,0,0,47,0,0,0,0,0,1,0,9,3,0,0,25,1,0,0,0,0,3,0,0,4,0,0,15,27,0,0,0,0,0,0,0,1,0,0,0,0,0,0,0,0,0,54,9,0,1,1,0,0,0,51
2018-03-30,40,0,0,0,35,46,13,11,0,0,0,0,67,0,0,53,1,7,24,1,0,0,11,0,0,1,4,1,0,2,4,29,13,13,1,4,0,0,0,0,0,0,0,2,0,41,0,0,0,0,17,0,25,0,0,0,24,0,3,0,0,0,0,1,7,12,0,0,0,0,0,0,0,0,0,0,0,0,0,14,0,0,0,0,0,100,0,0,0,0,0,1,0,10,3,0,0,13,1,0,0,0,0,2,0,0,6,0,0,9,27,0,0,0,0,0,0,0,1,0,0,0,0,0,0,0,0,0,10,0,0,0,0,0,0,1,49
2018-03-31,40,0,0,0,33,32,13,13,0,0,0,0,56,0,0,55,1,6,18,0,0,0,12,0,0,1,5,1,0,2,3,27,14,14,1,4,0,0,0,0,0,0,0,3,0,30,0,0,0,0,9,0,27,0,0,0,6,0,0,3,3,0,1,0,2,11,0,0,0,4,0,0,0,0,0,0,0,0,0,35,0,0,0,0,0,0,0,0,0,0,0,1,0,8,2,0,0,10,1,0,0,0,0,2,0,2,5,0,0,14,30,0,0,0,0,0,0,0,1,0,0,0,0,0,0,0,0,0,30,0,1,1,1,0,0,1,47
2018-04-01,43,0,0,0,33,42,14,14,0,0,0,0,55,0,0,49,1,5,18,0,0,0,12,0,0,2,5,1,0,2,3,27,14,14,1,4,0,0,0,0,0,0,0,3,0,28,0,0,0,0,18,0,27,0,0,0,25,0,3,3,3,0,0,0,6,20,0,0,0,4,0,0,0,0,0,0,0,0,0,36,0,0,0,0,0,0,0,0,0,0,0,0,0,4,2,0,0,10,1,0,0,0,0,2,0,2,3,2,0,14,55,0,0,0,0,0,0,0,1,0,0,0,0,0,0,0,0,0,30,10,0,1,0,0,0,0,49
2018-04-02,40,0,0,0,40,51,15,12,0,0,0,0,80,0,0,54,2,6,19,1,0,0,11,0,0,2,4,1,0,2,5,31,14,12,1,3,0,0,0,0,0,0,0,2,0,31,0,0,0,0,63,0,94,8,0,0,14,3,0,3,7,0,3,0,6,25,0,0,0,4,0,0,0,0,0,0,0,0,0,11,0,0,0,0,0,23,0,0,0,0,0,0,0,3,3,0,0,8,1,0,0,0,0,2,0,1,4,0,0,17,67,0,0,0,0,0,0,0,1,0,0,0,0,0,0,0,0,0,0,0,0,1,2,0,0,6,50
2018-04-03,36,0,0,0,39,39,13,10,0,0,0,0,90,0,0,53,2,6,18,1,0,0,11,0,0,2,4,1,0,2,3,31,13,11,1,4,0,0,0,0,0,0,0,2,0,27,0,0,0,0,45,0,52,0,0,0,16,3,3,0,10,0,1,0,3,13,0,0,0,0,0,0,0,0,0,0,0,0,0,10,0,0,0,0,0,22,0,0,0,0,0,1,0,10,3,0,0,7,2,0,0,0,0,2,0,3,8,0,0,15,38,0,0,0,0,0,0,0,1,0,0,0,0,0,0,0,0,0,25,0,0,1,1,0,0,12,50
2018-04-04,35,0,0,0,39,34,13,10,0,0,0,0,87,0,0,53,2,5,17,1,0,0,11,0,0,1,4,2,0,3,2,30,13,11,1,4,0,0,0,0,0,0,0,2,0,28,0,0,0,0,23,0,45,0,0,0,16,5,0,3,10,0,3,0,3,15,0,0,0,0,0,0,0,0,0,0,0,0,0,9,0,0,0,0,0,22,0,0,0,0,0,2,0,10,4,0,0,7,6,0,0,0,0,2,0,0,8,0,0,23,67,0,0,0,0,0,0,0,1,0,0,0,0,0,0,0,0,0,43,17,0,1,2,0,0,5,58
2018-04-05,35,0,0,0,38,31,15,10,0,0,0,0,86,0,0,54,2,6,18,1,0,0,11,0,0,1,4,2,0,3,2,31,13,11,1,4,0,0,0,0,0,0,0,2,0,29,0,0,0,0,77,0,100,0,0,0,11,3,0,0,5,0,5,1,3,11,0,0,0,4,0,0,0,0,0,0,0,0,0,10,0,0,0,0,0,0,0,0,0,0,0,0,0,7,5,0,0,7,8,0,0,0,0,2,0,1,5,0,0,22,82,0,0,0,0,0,0,0,1,0,0,0,0,0,0,0,0,0,35,0,0,1,1,0,0,3,67
2018-04-06,35,0,0,0,35,28,20,10,0,0,0,0,84,0,0,52,2,6,19,1,0,0,11,0,0,1,4,2,0,3,2,30,13,13,2,4,0,0,0,0,0,0,0,3,0,29,0,0,0,0,55,0,94,0,0,0,5,3,0,3,5,0,3,0,3,15,4,0,0,0,0,0,0,0,30,0,0,0,0,18,0,0,0,0,0,23,0,0,0,0,0,1,0,6,2,0,0,6,4,0,0,0,0,2,0,0,7,0,0,21,100,0,0,0,0,0,0,0,1,0,0,0,0,0,0,0,0,0,35,9,0,1,1,0,0,2,77
